INSERT INTO students(id, name, lastName, career, bornDate, entryDate, placeOrigin, email, enrollQuantity, photograph) VALUES
(1078366418, "Cristian", "Castañeda", "Ciencias de la Computación", "03-10-2004", "01-01-2022", "Bogotá", "crcastanedao", 2, "source.unsplash.com/100x100/"),
(1078366419, "Juan", "Perez", "Medicina", "23-12-2003", "01-01-2022", "Bogotá", "juperez", 2, "source.unsplash.com/100x100/"),
(1078366420, "Maria", "Gomez", "Administración de Empresas", "11-10-2003", "01-01-2022", "Bogotá", "margomez", 2, "source.unsplash.com/100x100/"),
(1078366421, "Camilo", "Gonzalez", "Administración de Empresas", "03-11-2004", "01-01-2022", "Bogotá", "camgonzalez", 2, "source.unsplash.com/100x100/");

INSERT INTO subjects(code, name, school, department, credits, language) VALUES
(001, "Matemáticas", "Ingeniería", "Ingeniería de Sistemas", "4", "Español"),
(002, "Física", "Ingeniería", "Ingeniería de Sistemas", "4", "Español"),
(003, "Química", "Ingeniería", "Ingeniería de Sistemas", "4", "Español"),
(004, "Inglés", "Ingeniería", "Ingeniería de Sistemas", "2", "Inglés"),
(005, "Programación", "Ingeniería", "Ingeniería de Sistemas", "3", "Español"),
(006, "Estructuras de Datos", "Ingeniería", "Ingeniería de Sistemas", "3", "Español"),
(007, "Bases de Datos", "Ingeniería", "Ingeniería de Sistemas", "3", "Español"),
(008, "Sistemas Operativos", "Ingeniería", "Ingeniería de Sistemas", "4", "Español"),
(009, "Arquitectura de Computadores", "Ingeniería", "Ingeniería de Sistemas", "4", "Español"),
(010, "Redes de Computadores", "Ingeniería", "Ingeniería de Sistemas", "4", "Español"),
(011, "Ingeniería de Software", "Ingeniería", "Ingeniería de Sistemas", "4", "Español"),
(012, "Administración de Proyectos", "Ingeniería", "Ingeniería de Sistemas", "4", "Español"),
(013, "Sistemas de Información", "Ingeniería", "Ingeniería de Sistemas", "4", "Español"),
(014, "Ingeniería Económica", "Ingeniería", "Ingeniería de Sistemas", "2", "Español");

INSERT INTO academicHistory(code, id, finalNote, credits) VALUES
(1, 1078366418, 3.5, 4),
(2, 1078366418, 4, 4),
(10, 1078366418, 5, 4),
(12, 1078366419, 3, 4),
(8, 1078366419, 4, 4),
(14, 1078366419, 1, 2),
(5, 1078366420, 5, 3),
(2, 1078366420, 4, 4),
(10, 1078366420, 3, 4),
(1, 1078366421, 2, 4),
(11, 1078366421, 5, 4),
(8, 1078366421, 5, 4);


